n,y,value
Afghanistan,2011,1.0
Afghanistan,2012,0.991331406555906
Afghanistan,2013,0.9891262750842839
Afghanistan,2014,0.99021406925689
Afghanistan,2015,0.9920420853088294
Afghanistan,2016,0.9924467488680677
Afghanistan,2017,0.9927034512000162
Afghanistan,2018,0.9945939642261009
Afghanistan,2019,0.9935666699623235
Afghanistan,2020,0.9995892453020657
Afghanistan,2025,0.99460895709611
Afghanistan,2030,0.975259186390376
Afghanistan,2035,0.9521074633038699
Afghanistan,2040,0.9261762159257515
Afghanistan,2045,0.8985516870770077
Afghanistan,2050,0.870126150588986
Afghanistan,2055,0.8415595585186769
Afghanistan,2060,0.8133714103984029
Afghanistan,2065,0.7859562187174568
Afghanistan,2070,0.7594959110088155
Afghanistan,2075,0.7342397207214058
Afghanistan,2080,0.710230668476837
Afghanistan,2085,0.6875631423617782
Afghanistan,2090,0.666571314917347
Afghanistan,2095,0.6473189879471342
Afghanistan,2100,0.6296754789456672
Bangladesh,2011,1.0
Bangladesh,2012,0.9983624812751931
Bangladesh,2013,0.9968440096871497
Bangladesh,2014,0.9952616246386254
Bangladesh,2015,0.9934539479487472
Bangladesh,2016,0.9914150088625275
Bangladesh,2017,0.9895065394966588
Bangladesh,2018,0.9872472223012955
Bangladesh,2019,0.9846918650303562
Bangladesh,2020,0.9837841657658605
Bangladesh,2025,0.9690041921099113
Bangladesh,2030,0.9573452823665628
Bangladesh,2035,0.9454137629503881
Bangladesh,2040,0.9332800210884168
Bangladesh,2045,0.9212077868450192
Bangladesh,2050,0.9093872962845526
Bangladesh,2055,0.8979266423701883
Bangladesh,2060,0.8868366707374283
Bangladesh,2065,0.8761142140105197
Bangladesh,2070,0.8657660401927535
Bangladesh,2075,0.8558123292926457
Bangladesh,2080,0.8465564338112407
Bangladesh,2085,0.8379739923379875
Bangladesh,2090,0.8301847006837654
Bangladesh,2095,0.8229078100116843
Bangladesh,2100,0.8159897486560403
Bhutan,2011,1.0
Bhutan,2012,0.9967175366629221
Bhutan,2013,0.9960592848543021
Bhutan,2014,0.9921479423842948
Bhutan,2015,0.986195446601637
Bhutan,2016,0.9801559070201082
Bhutan,2017,0.9771301981181759
Bhutan,2018,0.9742935261609255
Bhutan,2019,0.970233101407335
Bhutan,2020,0.980180869297755
Bhutan,2025,0.9659544631611301
Bhutan,2030,0.9452353135380412
Bhutan,2035,0.9262331956933048
Bhutan,2040,0.9078778632480278
Bhutan,2045,0.8901089821714662
Bhutan,2050,0.8730147148569756
Bhutan,2055,0.8567496621195391
Bhutan,2060,0.8413961028690239
Bhutan,2065,0.8269797432235348
Bhutan,2070,0.8135147716573443
Bhutan,2075,0.8010491270470632
Bhutan,2080,0.7897993056932021
Bhutan,2085,0.7793670617142936
Bhutan,2090,0.7701628084809663
Bhutan,2095,0.7619989125903479
Bhutan,2100,0.7546701726860909
India,2011,1.0
India,2012,0.9987509907366181
India,2013,0.9971753213533103
India,2014,0.995213811610022
India,2015,0.9929788474969958
India,2016,0.9905766723965107
India,2017,0.9885858194746966
India,2018,0.9866359079848774
India,2019,0.9855687095368867
India,2020,0.9882211425083748
India,2025,0.977590104253335
India,2030,0.9676474584045349
India,2035,0.959291906225184
India,2040,0.9505128406712507
India,2045,0.9413675835234115
India,2050,0.9319015056868581
India,2055,0.9221000799209333
India,2060,0.9120889182330036
India,2065,0.9021333755960617
India,2070,0.8922481723036636
India,2075,0.882442033376151
India,2080,0.8729161718328602
India,2085,0.8636843631434064
India,2090,0.8548403163551515
India,2095,0.8462181385932628
India,2100,0.8377238925575452
Maldives,2011,1.0
Maldives,2012,1.0023419214422915
Maldives,2013,0.9985474805790316
Maldives,2014,0.9966879512469169
Maldives,2015,0.998220616569829
Maldives,2016,0.9949122730341662
Maldives,2017,0.9926855533162439
Maldives,2018,0.9895699110345298
Maldives,2019,0.9854121003729788
Maldives,2020,1.0213273470955713
Maldives,2025,0.9736710332555187
Maldives,2030,0.9544673059913034
Maldives,2035,0.9380747302261555
Maldives,2040,0.924595794158156
Maldives,2045,0.9139019403731181
Maldives,2050,0.9052315148093836
Maldives,2055,0.8977056679143236
Maldives,2060,0.8908736907939354
Maldives,2065,0.8847335166911344
Maldives,2070,0.8796375552212812
Maldives,2075,0.8754193258977307
Maldives,2080,0.8715783104142014
Maldives,2085,0.8669497844854279
Maldives,2090,0.8617180992398752
Maldives,2095,0.8570536491917473
Maldives,2100,0.853523384392304
Nepal,2011,1.0
Nepal,2012,0.9954617996384987
Nepal,2013,0.992014101657444
Nepal,2014,0.9861491591037933
Nepal,2015,0.9825787595152911
Nepal,2016,0.9830792525369678
Nepal,2017,0.9750875609816413
Nepal,2018,0.9683969379335718
Nepal,2019,0.9625837234248902
Nepal,2020,0.967153627854556
Nepal,2025,0.9495865776131434
Nepal,2030,0.9272243125775336
Nepal,2035,0.902344526538469
Nepal,2040,0.8754180707868979
Nepal,2045,0.8478476788642163
Nepal,2050,0.8205263291070397
Nepal,2055,0.7938993253426924
Nepal,2060,0.7680788766383276
Nepal,2065,0.7432571558656271
Nepal,2070,0.71961990578397
Nepal,2075,0.6973837126958441
Nepal,2080,0.676972373753054
Nepal,2085,0.6582343325573481
Nepal,2090,0.641130966883561
Nepal,2095,0.6252355391864812
Nepal,2100,0.6106228293989844
Pakistan,2011,1.0
Pakistan,2012,0.9994828904791743
Pakistan,2013,0.9986020640810366
Pakistan,2014,0.9975778590093544
Pakistan,2015,0.996480384445112
Pakistan,2016,0.9950717572182025
Pakistan,2017,0.9940375984146672
Pakistan,2018,0.9924813221710532
Pakistan,2019,0.9921751968169262
Pakistan,2020,0.9932436456139008
Pakistan,2025,0.9878473442548821
Pakistan,2030,0.9819914814777352
Pakistan,2035,0.9756709513660862
Pakistan,2040,0.9684660480928128
Pakistan,2045,0.9603942815704826
Pakistan,2050,0.9516593883778282
Pakistan,2055,0.9424129990746458
Pakistan,2060,0.9328568332627897
Pakistan,2065,0.9229618114021895
Pakistan,2070,0.9128620544075312
Pakistan,2075,0.9026265098368412
Pakistan,2080,0.8924929468080194
Pakistan,2085,0.8826283512981629
Pakistan,2090,0.8731846665153788
Pakistan,2095,0.8641784458598503
Pakistan,2100,0.8555732049827339
Sri Lanka,2011,1.0
Sri Lanka,2012,0.9978343652456192
Sri Lanka,2013,0.9968112681652666
Sri Lanka,2014,0.9950919228056558
Sri Lanka,2015,0.9939575549852986
Sri Lanka,2016,0.992527750245127
Sri Lanka,2017,0.9906132572365424
Sri Lanka,2018,0.9899643528190329
Sri Lanka,2019,0.990145348597448
Sri Lanka,2020,0.991804262090547
Sri Lanka,2025,0.9933836226240401
Sri Lanka,2030,0.9896317579511691
Sri Lanka,2035,0.9853308908722693
Sri Lanka,2040,0.9805893966282669
Sri Lanka,2045,0.975406780790259
Sri Lanka,2050,0.9698094400543701
Sri Lanka,2055,0.9638818524249569
Sri Lanka,2060,0.9578114839666761
Sri Lanka,2065,0.9517501437566621
Sri Lanka,2070,0.9457832581587975
Sri Lanka,2075,0.939738100584522
Sri Lanka,2080,0.9338156699573998
Sri Lanka,2085,0.9280387564073588
Sri Lanka,2090,0.9225661615586948
Sri Lanka,2095,0.9174201048460213
Sri Lanka,2100,0.912440642095957
