n,y,area_type,value
Afghanistan,2011,city,2.142765261
Afghanistan,2011,large_city,3.9927302999999994
Afghanistan,2011,town,0.869294439
Afghanistan,2012,city,2.242212504168421
Afghanistan,2012,large_city,4.215457145263158
Afghanistan,2012,town,0.903882350568421
Afghanistan,2013,city,2.33129841078
Afghanistan,2013,large_city,4.422188374
Afghanistan,2013,town,0.9337574152200001
Afghanistan,2014,city,2.4291685801810528
Afghanistan,2014,large_city,4.649085951157895
Afghanistan,2014,town,0.9666118686610526
Afghanistan,2015,city,2.5166347632236845
Afghanistan,2015,large_city,4.859593046052632
Afghanistan,2015,town,0.9947846907236844
Afghanistan,2016,city,2.5941940120421045
Afghanistan,2016,large_city,5.054187486315788
Afghanistan,2016,town,1.0185465016421051
Afghanistan,2017,city,2.6817791636842103
Afghanistan,2017,large_city,5.271578052631579
Afghanistan,2017,town,1.0457427836842106
Afghanistan,2018,city,2.775267604476315
Afghanistan,2018,large_city,5.504158488947368
Afghanistan,2018,town,1.0746894065763157
Afghanistan,2019,city,2.8731842441147366
Afghanistan,2019,large_city,5.7493378702105264
Afghanistan,2019,town,1.104763685674737
Afghanistan,2020,city,2.982432854453684
Afghanistan,2020,large_city,6.021342485052632
Afghanistan,2020,town,1.1385568604936842
Afghanistan,2025,city,3.8973303314340675
Afghanistan,2025,large_city,8.226912491795243
Afghanistan,2025,town,1.432681491090691
Afghanistan,2030,city,4.772378981731704
Afghanistan,2030,large_city,10.5335527542672
Afghanistan,2030,town,1.6836694805610959
Afghanistan,2035,city,5.804185492537056
Afghanistan,2035,large_city,13.030229643806251
Afghanistan,2035,town,2.013952293746694
Afghanistan,2040,city,6.917135213622419
Afghanistan,2040,large_city,15.794835754194
Afghanistan,2040,town,2.3591968959835796
Afghanistan,2045,city,8.087168066558657
Afghanistan,2045,large_city,18.78329086417245
Afghanistan,2045,town,2.709526682138892
Afghanistan,2050,city,9.2875036383457
Afghanistan,2050,large_city,21.9416844907392
Afghanistan,2050,town,3.0546938876950978
Afghanistan,2055,city,10.58414785682436
Afghanistan,2055,large_city,25.005000473856004
Afghanistan,2055,town,3.48116490971964
Afghanistan,2060,city,11.87332191360025
Afghanistan,2060,large_city,28.0506682344192
Afghanistan,2060,town,3.905178968260548
Afghanistan,2065,city,13.130530507519422
Afghanistan,2065,large_city,31.020817736479998
Afghanistan,2065,town,4.318679469250575
Afghanistan,2070,city,14.317131713806152
Afghanistan,2070,large_city,33.824157611059206
Afghanistan,2070,town,4.708956942414648
Afghanistan,2075,city,15.409781171425307
Afghanistan,2075,large_city,36.40553691292801
Afghanistan,2075,town,5.068333342096696
Afghanistan,2080,city,16.3710017338392
Afghanistan,2080,large_city,38.67641605632001
Afghanistan,2080,town,5.3844822978408
Afghanistan,2085,city,17.18866718143243
Afghanistan,2085,large_city,40.6081469033472
Afghanistan,2085,town,5.653415451700368
Afghanistan,2090,city,17.893113452836772
Afghanistan,2090,large_city,42.2723979690496
Afghanistan,2090,town,5.885110404753624
Afghanistan,2095,city,18.49513063969116
Afghanistan,2095,large_city,43.694660795135995
Afghanistan,2095,town,6.083116057572839
Afghanistan,2100,city,18.989438321090788
Afghanistan,2100,large_city,44.862460411583996
Afghanistan,2100,town,6.245695660425209
Bangladesh,2011,city,14.070921750000002
Bangladesh,2011,large_city,15.947044650000004
Bangladesh,2011,town,16.8851061
Bangladesh,2012,city,14.53342222355263
Bangladesh,2012,large_city,16.67182003089474
Bangladesh,2012,town,17.45291144555263
Bangladesh,2013,city,15.006194399473685
Bangladesh,2013,large_city,17.423121285052634
Bangladesh,2013,town,18.033992915473686
Bangladesh,2014,city,15.48390375
Bangladesh,2014,large_city,18.195307340000003
Bangladesh,2014,town,18.62197491
Bangladesh,2015,city,15.959503781052632
Bangladesh,2015,large_city,18.980409853894738
Bangladesh,2015,town,19.208402765052632
Bangladesh,2016,city,16.44789826342105
Bangladesh,2016,large_city,19.796483829157893
Bangladesh,2016,town,19.81123530742105
Bangladesh,2017,city,16.94638700052631
Bangladesh,2017,large_city,20.641004706947367
Bangladesh,2017,town,20.42726649252631
Bangladesh,2018,city,17.435520959999998
Bangladesh,2018,large_city,21.490660224000003
Bangladesh,2018,town,21.033076415999997
Bangladesh,2019,city,17.922113578947368
Bangladesh,2019,large_city,22.353763482105265
Bangladesh,2019,town,21.636878938947365
Bangladesh,2020,city,18.417880808684206
Bangladesh,2020,large_city,23.24521577863158
Bangladesh,2020,town,22.252836812684205
Bangladesh,2025,city,20.465405507961812
Bangladesh,2025,large_city,27.389215595702165
Bangladesh,2025,town,24.82625827040601
Bangladesh,2030,city,22.571436360329997
Bangladesh,2030,large_city,32.010400656468
Bangladesh,2030,town,27.496113384401998
Bangladesh,2035,city,24.757734779706798
Bangladesh,2035,large_city,35.8873586715016
Bangladesh,2035,town,30.208979134871598
Bangladesh,2040,city,26.685714225693598
Bangladesh,2040,large_city,39.53439144547201
Bangladesh,2040,town,32.6158729425144
Bangladesh,2045,city,28.332304925505348
Bangladesh,2045,large_city,42.895639233008104
Bangladesh,2045,town,34.68721444150655
Bangladesh,2050,city,29.693010219239095
Bangladesh,2050,large_city,45.940129018445404
Bangladesh,2050,town,36.415955929255496
Bangladesh,2055,city,31.064821936795795
Bangladesh,2055,large_city,48.0625546946652
Bangladesh,2055,town,38.098366526259
Bangladesh,2060,city,32.15756776914599
Bangladesh,2060,large_city,49.753218057924
Bangladesh,2060,town,39.43852650932999
Bangladesh,2065,city,32.9793066046572
Bangladesh,2065,large_city,51.02458757701681
Bangladesh,2065,town,40.446319420806
Bangladesh,2070,city,33.54096856872769
Bangladesh,2070,large_city,51.893574011993806
Bangladesh,2070,town,41.135150131458495
Bangladesh,2075,city,33.8698832488872
Bangladesh,2075,large_city,52.40246087563681
Bangladesh,2075,town,41.538536059956
Bangladesh,2080,city,33.998229862314
Bangladesh,2080,large_city,52.60103488131601
Bangladesh,2080,town,41.69594228397
Bangladesh,2085,city,33.94498677284789
Bangladesh,2085,large_city,52.51865878063259
Bangladesh,2085,town,41.630644155379485
Bangladesh,2090,city,33.7358225583165
Bangladesh,2090,large_city,52.19504622230101
Bangladesh,2090,town,41.3741220054825
Bangladesh,2095,city,33.40172892324049
Bangladesh,2095,large_city,51.678146635957
Bangladesh,2095,town,40.96438452850249
Bangladesh,2100,city,33.00400399521549
Bangladesh,2100,large_city,51.062798634107004
Bangladesh,2100,town,40.47660867337749
Bhutan,2011,city,0.08337565499999999
Bhutan,2011,large_city,0.10459854899999999
Bhutan,2011,town,0.064679296
Bhutan,2012,city,0.08607292863157896
Bhutan,2012,large_city,0.10910381153684211
Bhutan,2012,town,0.06669445983157896
Bhutan,2013,city,0.08877828915789474
Bhutan,2013,large_city,0.11369901148421052
Bhutan,2013,town,0.06871039935789473
Bhutan,2014,city,0.09148815126315789
Bhutan,2014,large_city,0.11838079427368421
Bhutan,2014,town,0.07072425446315789
Bhutan,2015,city,0.0929452696842105
Bhutan,2015,large_city,0.12150673343157892
Bhutan,2015,town,0.07176519688421051
Bhutan,2016,city,0.0956388394736842
Bhutan,2016,large_city,0.12631486105263157
Bhutan,2016,town,0.07375629947368421
Bhutan,2017,city,0.098328816
Bhutan,2017,large_city,0.1312014888
Bhutan,2017,town,0.0757388952
Bhutan,2018,city,0.09970201000000001
Bhutan,2018,large_city,0.134397328
Bhutan,2018,town,0.076702662
Bhutan,2019,city,0.10236332989473684
Bhutan,2019,large_city,0.13939625781052634
Bhutan,2019,town,0.07865281229473685
Bhutan,2020,city,0.10366640494736842
Bhutan,2020,large_city,0.1426120469052632
Bhutan,2020,town,0.07955474814736843
Bhutan,2025,city,0.1132467432448
Bhutan,2025,large_city,0.16386344639103997
Bhutan,2025,town,0.08635064172415999
Bhutan,2030,city,0.1224496898772
Bhutan,2030,large_city,0.18628411837055997
Bhutan,2030,town,0.09274058479224
Bhutan,2035,city,0.1323577602633
Bhutan,2035,large_city,0.20520922169748
Bhutan,2035,town,0.09997933295922001
Bhutan,2040,city,0.141143716809
Bhutan,2040,large_city,0.22300707255822
Bhutan,2040,town,0.10632826666278
Bhutan,2045,city,0.148534858219125
Bhutan,2045,large_city,0.23915360365365
Bhutan,2045,town,0.111588372477225
Bhutan,2050,city,0.15439512530539998
Bhutan,2050,large_city,0.25331268016208
Bhutan,2050,town,0.11566550065252
Bhutan,2055,city,0.1600857611622
Bhutan,2055,large_city,0.26264918102544
Bhutan,2055,town,0.11992865497236001
Bhutan,2060,city,0.1643454313209
Bhutan,2060,large_city,0.26963792799768
Bhutan,2060,town,0.12311979770142001
Bhutan,2065,city,0.16703798865
Bhutan,2065,large_city,0.27405554748
Bhutan,2065,town,0.12513693387000002
Bhutan,2070,city,0.168091944059
Bhutan,2070,large_city,0.2757847488968
Bhutan,2070,town,0.1259265072442
Bhutan,2075,city,0.16757999508819998
Bhutan,2075,large_city,0.27494480550064
Bhutan,2075,town,0.12554297937116002
Bhutan,2080,city,0.1657326586788
Bhutan,2080,large_city,0.27191392135776
Bhutan,2080,town,0.12415904260344
Bhutan,2085,city,0.16285388315429997
Bhutan,2085,large_city,0.26719077778536
Bhutan,2085,town,0.12200240060033998
Bhutan,2090,city,0.1593731383824
Bhutan,2090,large_city,0.26147999653248
Bhutan,2090,town,0.11939479180512
Bhutan,2095,city,0.1555126299212
Bhutan,2095,large_city,0.25514614536224
Bhutan,2095,town,0.11650268207655999
Bhutan,2100,city,0.15142453084800003
Bhutan,2100,large_city,0.24843889128960006
Bhutan,2100,town,0.11344007226240002
India,2011,city,90.82064308407999
India,2011,large_city,167.63862313744
India,2011,town,133.18263208431998
India,2012,city,92.56196357504527
India,2012,large_city,172.8929567907095
India,2012,town,135.98360591786528
India,2013,city,94.32058779777316
India,2013,large_city,178.28072090765372
India,2013,town,138.82226375880316
India,2014,city,96.07809074021053
India,2014,large_city,183.76959643957898
India,2014,town,141.67179150821053
India,2015,city,97.83548036743632
India,2015,large_city,189.36326397632737
India,2015,town,144.53388802666632
India,2016,city,99.6406131289516
India,2016,large_city,195.15729576449687
India,2016,town,147.4796095499116
India,2017,city,101.46989239578949
India,2017,large_city,201.11016080842109
India,2017,town,150.47459863578948
India,2018,city,103.27863028789473
India,2018,large_city,207.13592102421055
India,2018,town,153.45290467789474
India,2019,city,105.0710167041221
India,2019,large_city,213.2436497213558
India,2019,town,156.4208343539621
India,2020,city,106.83522998336527
India,2020,large_city,219.4099562364695
India,2020,town,159.36086154314526
India,2025,city,120.38423297872235
India,2025,large_city,262.3458435263441
India,2025,town,181.4038401086819
India,2030,city,130.83402143031688
India,2030,large_city,302.5894172176634
India,2030,town,199.26930121684006
India,2035,city,142.711670849472
India,2035,large_city,337.6246608297243
India,2035,town,218.27729007507736
India,2040,city,153.37033564488732
India,2040,large_city,371.1730074193341
India,2040,town,235.59027167751233
India,2045,city,162.48478475638183
India,2045,large_city,402.28087838878406
India,2045,town,250.68847083633304
India,2050,city,169.90022792149168
India,2050,large_city,430.3445283034414
India,2050,town,263.30632566087223
India,2055,city,178.11344267101742
India,2055,large_city,451.14798495844235
India,2055,town,276.03492187300094
India,2060,city,185.04960031217277
India,2060,large_city,468.71675178611605
India,2060,town,286.7843729187118
India,2065,city,190.5429093192179
India,2065,large_city,482.63089129247544
India,2065,town,295.29774001691965
India,2070,city,194.63269704809764
India,2070,large_city,492.9900167190712
India,2070,town,301.6359715354897
India,2075,city,197.2554364499399
India,2075,large_city,499.6332188180714
India,2075,town,305.70061514140764
India,2080,city,198.55260978708642
India,2080,large_city,502.9188615434012
India,2080,town,307.7109358415489
India,2085,city,198.75970865763202
India,2085,large_city,503.44342744214913
India,2085,town,308.03189151841286
India,2090,city,198.12981882732328
India,2090,large_city,501.84796376782964
India,2090,town,307.0557069728195
India,2095,city,196.81076293464758
India,2095,large_city,498.50689417137386
India,2095,town,305.0114733382287
India,2100,city,194.9640599264562
India,2100,large_city,493.8293340250514
India,2100,town,302.1495078798984
Maldives,2011,city,0.019087782
Maldives,2011,large_city,0.0646257762
Maldives,2011,town,0.0526277418
Maldives,2012,city,0.020156543447368426
Maldives,2012,large_city,0.06927425330526317
Maldives,2012,town,0.05591050324736844
Maldives,2013,city,0.020706915789473687
Maldives,2013,large_city,0.07224412842105264
Maldives,2013,town,0.05778895578947369
Maldives,2014,city,0.02177457063157895
Maldives,2014,large_city,0.0771249395368421
Maldives,2014,town,0.06114568983157895
Maldives,2015,city,0.022841613473684214
Maldives,2015,large_city,0.08214058345263157
Maldives,2015,town,0.06454540307368421
Maldives,2016,city,0.02338777657894737
Maldives,2016,large_city,0.08539536884210527
Maldives,2016,town,0.06650985457894737
Maldives,2017,city,0.02445083473684211
Maldives,2017,large_city,0.09065317452631579
Maldives,2017,town,0.06998199073684211
Maldives,2018,city,0.02551169010526316
Maldives,2018,large_city,0.09605125658947368
Maldives,2018,town,0.07349625330526315
Maldives,2019,city,0.02604881052631579
Maldives,2019,large_city,0.09959963894736842
Maldives,2019,town,0.07554155052631578
Maldives,2020,city,0.026581472447368422
Maldives,2020,large_city,0.10322562770526317
Maldives,2020,town,0.07760479984736841
Maldives,2025,city,0.030035677493684212
Maldives,2025,large_city,0.12620185530463157
Maldives,2025,town,0.09080916520168421
Maldives,2030,city,0.03217996000800001
Maldives,2030,large_city,0.14662868734080003
Maldives,2030,town,0.1010170918512
Maldives,2035,city,0.035104963455000006
Maldives,2035,large_city,0.1650713392684
Maldives,2035,town,0.1118678168766
Maldives,2040,city,0.037896455678400005
Maldives,2040,large_city,0.18397006665696003
Maldives,2040,town,0.12264671110464
Maldives,2045,city,0.04055604238950001
Maldives,2045,large_city,0.20334611021340002
Maldives,2045,town,0.1333633579971
Maldives,2050,city,0.04295437573350001
Maldives,2050,large_city,0.2225445752288
Maldives,2050,town,0.1435903417377
Maldives,2055,city,0.046025204110200016
Maldives,2055,large_city,0.23845439081856004
Maldives,2055,town,0.15385568231124
Maldives,2060,city,0.04872326472720001
Maldives,2060,large_city,0.25243291439616
Maldives,2060,town,0.16287491351664
Maldives,2065,city,0.050916470610600006
Maldives,2065,large_city,0.26379580963968
Maldives,2065,town,0.17020648746971997
Maldives,2070,city,0.05262926162130002
Maldives,2070,large_city,0.27266969830464005
Maldives,2070,town,0.17593210313406002
Maldives,2075,city,0.05381002441395002
Maldives,2075,large_city,0.27878717410656007
Maldives,2075,town,0.17987922446949
Maldives,2080,city,0.05441106924540002
Maldives,2080,large_city,0.2819011587571201
Maldives,2080,town,0.18188843147748002
Maldives,2085,city,0.05443485666780002
Maldives,2085,large_city,0.28202440025984005
Maldives,2085,town,0.18196794943236
Maldives,2090,city,0.054006446743200015
Maldives,2090,large_city,0.27980482884096003
Maldives,2090,town,0.18053583625584
Maldives,2095,city,0.05334975141300001
Maldives,2095,large_city,0.2764025216064
Maldives,2095,town,0.17834059758059997
Maldives,2100,city,0.052670696743350016
Maldives,2100,large_city,0.27288437169888
Maldives,2100,town,0.17607061482777
Nepal,2011,city,1.4569893046800002
Nepal,2011,large_city,1.9426524062400001
Nepal,2011,town,1.26570988908
Nepal,2012,city,1.4837900695357893
Nepal,2012,large_city,1.9993133883284206
Nepal,2012,town,1.288167942135789
Nepal,2013,city,1.5104842117842108
Nepal,2013,large_city,2.0567662034315792
Nepal,2013,town,1.3104965847842105
Nepal,2014,city,1.5395359885073685
Nepal,2014,large_city,2.1184090881852633
Nepal,2014,town,1.3348321233073683
Nepal,2015,city,1.5731301876573685
Nepal,2015,large_city,2.187394420385263
Nepal,2015,town,1.3630630919573683
Nepal,2016,city,1.6133637346547367
Nepal,2016,large_city,2.266880619890526
Nepal,2016,town,1.3969968454547366
Nepal,2017,city,1.6586692114610524
Nepal,2017,large_city,2.354950653877894
Nepal,2017,town,1.4352649346610522
Nepal,2018,city,1.7057493686210528
Nepal,2018,large_city,2.4471180967578947
Nepal,2018,town,1.4750065346210528
Nepal,2019,city,1.7533382701910525
Nepal,2019,large_city,2.5416478655178945
Nepal,2019,town,1.5151237642910527
Nepal,2020,city,1.8144820519578948
Nepal,2020,large_city,2.657693192084211
Nepal,2020,town,1.5668807559578948
Nepal,2025,city,2.0780113450010034
Nepal,2025,large_city,3.204864605657653
Nepal,2025,town,1.788101278601343
Nepal,2030,city,2.34632088428608
Nepal,2030,large_city,3.8089942931814393
Nepal,2030,town,2.0114821921324797
Nepal,2035,city,2.6405472252723197
Nepal,2035,large_city,4.370624866549759
Nepal,2035,town,2.2604122665779194
Nepal,2040,city,2.928619858486404
Nepal,2040,large_city,4.942240526329872
Nepal,2040,town,2.5032800986637236
Nepal,2045,city,3.2091568546665306
Nepal,2045,large_city,5.521401393268291
Nepal,2045,town,2.7389087094151803
Nepal,2050,city,3.4781651555996156
Nepal,2050,large_city,6.100899861823488
Nepal,2050,town,2.963903448496896
Nepal,2055,city,3.7645037804012396
Nepal,2055,large_city,6.603154124728319
Nepal,2055,town,3.2079056736704397
Nepal,2060,city,4.030290399075882
Nepal,2060,large_city,7.0693589978741755
Nepal,2060,town,3.4343945953899415
Nepal,2065,city,4.276265703205651
Nepal,2065,large_city,7.5008136964992005
Nepal,2065,town,3.64400139079515
Nepal,2070,city,4.500468116764434
Nepal,2070,large_city,7.894077504486912
Nepal,2070,town,3.8350545113286536
Nepal,2075,city,4.700412573674818
Nepal,2075,large_city,8.244791474343424
Nepal,2075,town,4.005436318641758
Nepal,2080,city,4.87447570373884
Nepal,2080,large_city,8.55010812224512
Nepal,2080,town,4.1537634648160395
Nepal,2085,city,5.018808333128611
Nepal,2085,large_city,8.803275777979648
Nepal,2085,town,4.276755892961741
Nepal,2090,city,5.136484726797834
Nepal,2090,large_city,9.009686877441279
Nepal,2090,town,4.377033324710884
Nepal,2095,city,5.234882527517876
Nepal,2095,large_city,9.182282226414335
Nepal,2095,town,4.460882586557786
Nepal,2100,city,5.32476238591661
Nepal,2100,large_city,9.339936619220481
Nepal,2100,town,4.53747332056291
Pakistan,2011,city,23.210509104
Pakistan,2011,large_city,37.940793044399996
Pakistan,2011,town,8.7598698516
Pakistan,2012,city,23.67649900286316
Pakistan,2012,large_city,39.04493221683368
Pakistan,2012,town,8.877085580303158
Pakistan,2013,city,24.08596634861053
Pakistan,2013,large_city,40.07130416191895
Pakistan,2013,town,8.970463689470527
Pakistan,2014,city,24.470452090921054
Pakistan,2014,large_city,41.070550370407894
Pakistan,2014,town,9.052065038671053
Pakistan,2015,city,24.83332400303158
Pakistan,2015,large_city,42.047441783676845
Pakistan,2015,town,9.123286413291579
Pakistan,2016,city,25.17679747023158
Pakistan,2016,large_city,43.00496702609684
Pakistan,2016,town,9.185072303671578
Pakistan,2017,city,25.5567370072
Pakistan,2017,large_city,44.03868194292
Pakistan,2017,town,9.257780649879999
Pakistan,2018,city,26.00592187575789
Pakistan,2018,large_city,45.20739196054421
Pakistan,2018,town,9.352887963697892
Pakistan,2019,city,26.492530681705258
Pakistan,2019,large_city,46.45865158659947
Pakistan,2019,town,9.458458031695262
Pakistan,2020,city,27.03377405473684
Pakistan,2020,large_city,47.82484838652632
Pakistan,2020,town,9.580257558736841
Pakistan,2025,city,32.96856599109719
Pakistan,2025,large_city,60.93097863339518
Pakistan,2025,town,11.236869244397628
Pakistan,2030,city,38.0037431830718
Pakistan,2030,large_city,73.37074457526597
Pakistan,2030,town,12.41620664906222
Pakistan,2035,city,43.7520847140804
Pakistan,2035,large_city,85.88052884599624
Pakistan,2035,town,14.05239371112336
Pakistan,2040,city,49.61822667515
Pakistan,2040,large_city,99.02286495732751
Pakistan,2040,town,15.6576721925225
Pakistan,2045,city,55.47216481741594
Pakistan,2045,large_city,112.55570804522092
Pakistan,2045,town,17.188036377483137
Pakistan,2050,city,61.27019327586664
Pakistan,2050,large_city,126.39813946169525
Pakistan,2050,town,18.62861431922814
Pakistan,2055,city,67.422982179662
Pakistan,2055,large_city,139.09111508915458
Pakistan,2055,town,20.499310743513398
Pakistan,2060,city,73.40614530616621
Pakistan,2060,large_city,151.43415902049844
Pakistan,2060,town,22.318434077935382
Pakistan,2065,city,79.03811596005863
Pakistan,2065,large_city,163.05270588797282
Pakistan,2065,town,24.030780711088536
Pakistan,2070,city,84.23262888924707
Pakistan,2070,large_city,173.76879367152083
Pakistan,2070,town,25.610122520872093
Pakistan,2075,city,88.90612591378519
Pakistan,2075,large_city,183.41004494066055
Pakistan,2075,town,27.031054444494288
Pakistan,2080,city,93.01380558436394
Pakistan,2080,large_city,191.88403596478045
Pakistan,2080,town,28.279955031205606
Pakistan,2085,city,96.6392360554995
Pakistan,2085,large_city,199.36316475153046
Pakistan,2085,town,29.382232376470053
Pakistan,2090,city,99.85366516119787
Pakistan,2090,large_city,205.99441294365636
Pakistan,2090,town,30.359548700525817
Pakistan,2095,city,102.66889768554671
Pakistan,2095,large_city,211.80213337351674
Pakistan,2095,town,31.215493134696526
Pakistan,2100,city,105.11827394911722
Pakistan,2100,large_city,216.85510588762332
Pakistan,2100,town,31.96020248351948
Sri Lanka,2011,city,1.8804132269999998
Sri Lanka,2011,large_city,0.7711593637999999
Sri Lanka,2011,town,1.1472420091999997
Sri Lanka,2012,city,1.8882429734736843
Sri Lanka,2012,large_city,0.7864994986526317
Sri Lanka,2012,town,1.1500567278736842
Sri Lanka,2013,city,1.8932734672105263
Sri Lanka,2013,large_city,0.8008212837789473
Sri Lanka,2013,town,1.151142649010526
Sri Lanka,2014,city,1.9001297292631578
Sri Lanka,2014,large_city,0.8160578590736842
Sri Lanka,2014,town,1.1533156116631578
Sri Lanka,2015,city,1.907931677473684
Sri Lanka,2015,large_city,0.8318623122526316
Sri Lanka,2015,town,1.156036410273684
Sri Lanka,2016,city,1.9165873128421052
Sri Lanka,2016,large_city,0.8482138032157894
Sri Lanka,2016,town,1.159246183942105
Sri Lanka,2017,city,1.926208273263158
Sri Lanka,2017,large_city,0.8651807446736843
Sri Lanka,2017,town,1.163009382063158
Sri Lanka,2018,city,1.936901314947368
Sri Lanka,2018,large_city,0.8828324845052631
Sri Lanka,2018,town,1.167387000547368
Sri Lanka,2019,city,1.9493537506578946
Sri Lanka,2019,large_city,0.9015099311842106
Sri Lanka,2019,town,1.1727888181578945
Sri Lanka,2020,city,1.9637776762105261
Sri Lanka,2020,large_city,0.9213497223789473
Sri Lanka,2020,town,1.179336201410526
Sri Lanka,2025,city,2.3791863219031706
Sri Lanka,2025,large_city,1.1973442373178078
Sri Lanka,2025,town,1.4156881173290208
Sri Lanka,2030,city,2.6310533588811995
Sri Lanka,2030,large_city,1.41629042509988
Sri Lanka,2030,town,1.5506420859789196
Sri Lanka,2035,city,2.9064495301841995
Sri Lanka,2035,large_city,1.6039871204011198
Sri Lanka,2035,town,1.7065676920546795
Sri Lanka,2040,city,3.1811443902312004
Sri Lanka,2040,large_city,1.7992279024318403
Sri Lanka,2040,town,1.86079843901696
Sri Lanka,2045,city,3.446240574328
Sri Lanka,2045,large_city,1.99695670036736
Sri Lanka,2045,town,2.0081336968246397
Sri Lanka,2050,city,3.695959440882
Sri Lanka,2050,large_city,2.1934715812191
Sri Lanka,2050,town,2.1452634145989
Sri Lanka,2055,city,3.950248433078999
Sri Lanka,2055,large_city,2.3443865700664497
Sri Lanka,2055,town,2.292861590504549
Sri Lanka,2060,city,4.190719813329601
Sri Lanka,2060,large_city,2.4871011066064805
Sri Lanka,2060,town,2.43243954382392
Sri Lanka,2065,city,4.418163741743999
Sri Lanka,2065,large_city,2.6220841336872
Sri Lanka,2065,town,2.5644559109687997
Sri Lanka,2070,city,4.63184484504
Sri Lanka,2070,large_city,2.748899223252
Sri Lanka,2070,town,2.6884838557079997
Sri Lanka,2075,city,4.826153762228399
Sri Lanka,2075,large_city,2.86421734149642
Sri Lanka,2075,town,2.8012675098151796
Sri Lanka,2080,city,4.9993124604014
Sri Lanka,2080,large_city,2.9669832645425704
Sri Lanka,2080,town,2.90177484114603
Sri Lanka,2085,city,5.152046157508599
Sri Lanka,2085,large_city,3.0576273934779303
Sri Lanka,2085,town,2.9904267914234697
Sri Lanka,2090,city,5.2829832536008
Sri Lanka,2090,large_city,3.1353357135500404
Sri Lanka,2090,town,3.06642723632916
Sri Lanka,2095,city,5.3919253491002
Sri Lanka,2095,large_city,3.19999047892251
Sri Lanka,2095,town,3.1296610178472895
Sri Lanka,2100,city,5.4786761804160005
Sri Lanka,2100,large_city,3.2514752114208005
Sri Lanka,2100,town,3.1800142177632
Afghanistan,2011,rural,22.24521
Afghanistan,2012,rural,23.108448
Afghanistan,2013,rural,23.852755799999997
Afghanistan,2014,rural,24.6751336
Afghanistan,2015,rural,25.3789875
Afghanistan,2016,rural,25.973072000000002
Afghanistan,2017,rural,26.640900000000002
Afghanistan,2018,rural,27.3358845
Afghanistan,2019,rural,28.042714200000002
Afghanistan,2020,rural,28.8276678
Afghanistan,2025,rural,30.608192685680002
Afghanistan,2030,rural,33.412680783439995
Afghanistan,2035,rural,35.94215156991
Afghanistan,2040,rural,38.1281461362
Afghanistan,2045,rural,39.93329338712999
Afghanistan,2050,rural,41.33621198322
Afghanistan,2055,rural,42.317694759599995
Afghanistan,2060,rural,42.887426883719996
Afghanistan,2065,rural,43.077857286749996
Afghanistan,2070,rural,42.87734573272
Afghanistan,2075,rural,42.32913557355
Afghanistan,2080,rural,41.433923912
Afghanistan,2085,rural,40.25033846352001
Afghanistan,2090,rural,38.91826417336
Afghanistan,2095,rural,37.502764507600006
Afghanistan,2100,rural,36.0192356069
Bangladesh,2011,rural,103.3069275
Bangladesh,2012,rural,103.4318463
Bangladesh,2013,rural,103.5666914
Bangladesh,2014,rural,103.658814
Bangladesh,2015,rural,103.68168360000001
Bangladesh,2016,rural,103.72438260000001
Bangladesh,2017,rural,103.7753418
Bangladesh,2018,rural,103.7207424
Bangladesh,2019,rural,103.60724400000001
Bangladesh,2020,rural,103.5040666
Bangladesh,2025,rural,102.84712162593
Bangladesh,2030,rural,101.2954865988
Bangladesh,2035,rural,98.69377141392
Bangladesh,2040,rural,95.32553838631999
Bangladesh,2045,rural,91.43369939998001
Bangladesh,2050,rural,87.23432383306002
Bangladesh,2055,rural,82.88306884228001
Bangladesh,2060,rural,78.42237266360002
Bangladesh,2065,rural,73.94637739752
Bangladesh,2070,rural,69.52254028782
Bangladesh,2075,rural,65.22192381551999
Bangladesh,2080,rural,61.09836697239999
Bangladesh,2085,rural,57.16834329114002
Bangladesh,2090,rural,53.4489362139
Bangladesh,2095,rural,49.96079491230002
Bangladesh,2100,rural,46.75388369730001
Bhutan,2011,rural,0.4573465
Bhutan,2012,rural,0.45812879999999995
Bhutan,2013,rural,0.4588123
Bhutan,2014,rural,0.4594068
Bhutan,2015,rural,0.45378280000000004
Bhutan,2016,rural,0.45429
Bhutan,2017,rural,0.45473080000000005
Bhutan,2018,rural,0.449198
Bhutan,2019,rural,0.4495876
Bhutan,2020,rural,0.4441668
Bhutan,2025,rural,0.43426716864000003
Bhutan,2030,rural,0.42115160696
Bhutan,2035,rural,0.40586768508
Bhutan,2040,rural,0.38851394397
Bhutan,2045,rural,0.36937816565
Bhutan,2050,rural,0.34897369388
Bhutan,2055,rural,0.32791040283999995
Bhutan,2060,rural,0.30666284298
Bhutan,2065,rural,0.28526953
Bhutan,2070,rural,0.26391279980000004
Bhutan,2075,rural,0.24285522003999993
Bhutan,2080,rural,0.22253237735999998
Bhutan,2085,rural,0.20329193846000004
Bhutan,2090,rural,0.18556007328000002
Bhutan,2095,rural,0.16938654263999997
Bhutan,2100,rural,0.15471250559999994
India,2011,rural,865.9781016941599
India,2012,rural,873.05147371638
India,2013,rural,879.7064275357701
India,2014,rural,885.730521312
India,2015,rural,891.1373676295699
India,2016,rural,896.36248155664
India,2017,rural,901.14534816
India,2018,rural,905.13254401
India,2019,rural,908.3744992205599
India,2020,rural,910.7839522370201
India,2025,rural,881.3456433862516
India,2030,rural,869.0326581351796
India,2035,rural,849.4538792457263
India,2040,rural,823.5533572582663
India,2045,rural,792.240512018501
India,2050,rural,756.8068651141946
India,2055,rural,719.7656444975391
India,2060,rural,682.0209619829996
India,2065,rural,643.6709893713871
India,2070,rural,605.4171216973416
India,2075,rural,567.434464590581
India,2080,rural,530.3106238279634
India,2085,rural,494.7456863818061
India,2090,rural,461.2278144320277
India,2095,rural,429.8374555557499
India,2100,rural,400.66507116859384
Maldives,2011,rural,0.2336587
Maldives,2012,rural,0.24465869999999998
Maldives,2013,rural,0.24926
Maldives,2014,rural,0.2599548
Maldives,2015,rural,0.2704724
Maldives,2016,rural,0.274707
Maldives,2017,rural,0.284914
Maldives,2018,rural,0.2949408
Maldives,2019,rural,0.29881
Maldives,2020,rural,0.3025881
Maldives,2025,rural,0.30109330199999995
Maldives,2030,rural,0.3008942608
Maldives,2035,rural,0.29784588040000004
Maldives,2040,rural,0.29356876656
Maldives,2045,rural,0.2885754894
Maldives,2050,rural,0.2823487073
Maldives,2055,rural,0.27430072276
Maldives,2060,rural,0.26447790736
Maldives,2065,rural,0.25280223228
Maldives,2070,rural,0.23994993693999989
Maldives,2075,rural,0.22610057700999997
Maldives,2080,rural,0.21143334051999985
Maldives,2085,rural,0.19623079363999996
Maldives,2090,rural,0.18114888815999997
Maldives,2095,rural,0.16695212940000004
Maldives,2100,rural,0.15417131672999995
Nepal,2011,rural,22.6046484
Nepal,2012,rural,22.5587286
Nepal,2013,rural,22.502253
Nepal,2014,rural,22.467222800000002
Nepal,2015,rural,22.486412299999998
Nepal,2016,rural,22.5827588
Nepal,2017,rural,22.7311152
Nepal,2018,rural,22.882126
Nepal,2019,rural,23.019890099999998
Nepal,2020,rural,23.310944
Nepal,2025,rural,23.53004077074
Nepal,2030,rural,23.794682630400004
Nepal,2035,rural,23.7421756416
Nepal,2040,rural,23.44318351652
Nepal,2045,rural,22.96613804265
Nepal,2050,rural,22.34803953408
Nepal,2055,rural,21.612522421199998
Nepal,2060,rural,20.761609007660002
Nepal,2065,rural,19.8472572095
Nepal,2070,rural,18.89484286742
Nepal,2075,rural,17.92219763334
Nepal,2080,rural,16.9431517092
Nepal,2085,rural,15.96187099593
Nepal,2090,rural,14.99992407105
Nepal,2095,rural,14.08346565951
Nepal,2100,rural,13.239957674299998
Pakistan,2011,rural,128.688828
Pakistan,2012,rural,130.6114832
Pakistan,2013,rural,132.2122658
Pakistan,2014,rural,133.65693249999998
Pakistan,2015,rural,134.96594779999998
Pakistan,2016,rural,136.1531632
Pakistan,2017,rural,137.5268004
Pakistan,2018,rural,139.1637982
Pakistan,2019,rural,140.88035969999999
Pakistan,2020,rural,142.76112
Pakistan,2025,rural,143.58354513111
Pakistan,2030,rural,149.8282755926
Pakistan,2035,rural,155.1606817288
Pakistan,2040,rural,159.308736175
Pakistan,2045,rural,162.24199275988
Pakistan,2050,rural,164.18766594321
Pakistan,2055,rural,165.04470298767
Pakistan,2060,rural,164.96481659539998
Pakistan,2065,rural,163.82799444088
Pakistan,2070,rural,161.73736291836002
Pakistan,2075,rural,158.77653170105998
Pakistan,2080,rural,155.08343841965
Pakistan,2085,rural,150.9506518165
Pakistan,2090,rural,146.59264719461999
Pakistan,2095,rural,142.08213180624006
Pakistan,2100,rural,137.51797467973995
Sri Lanka,2011,rural,17.0611854
Sri Lanka,2012,rural,17.1952008
Sri Lanka,2013,rural,17.2847626
Sri Lanka,2014,rural,17.370496799999998
Sri Lanka,2015,rural,17.444169600000002
Sri Lanka,2016,rural,17.5059527
Sri Lanka,2017,rural,17.555601600000003
Sri Lanka,2018,rural,17.5928792
Sri Lanka,2019,rural,17.626347499999998
Sri Lanka,2020,rural,17.6555364
Sri Lanka,2025,rural,17.23196632345
Sri Lanka,2030,rural,17.02745213004
Sri Lanka,2035,rural,16.70874365736
Sri Lanka,2040,rural,16.28964726832
Sri Lanka,2045,rural,15.764431028480002
Sri Lanka,2050,rural,15.1474355633
Sri Lanka,2055,rural,14.469280406350002
Sri Lanka,2060,rural,13.76030353624
Sri Lanka,2065,rural,13.043626213600003
Sri Lanka,2070,rural,12.331724076
Sri Lanka,2075,rural,11.62116038646
Sri Lanka,2080,rural,10.91905243391
Sri Lanka,2085,rural,10.235908657589999
Sri Lanka,2090,rural,9.57349979652
Sri Lanka,2095,rural,8.935732154130001
Sri Lanka,2100,rural,8.324570390400002
